{
  "rare": {
    "but": 0.00865051903114187,
    "when": 0.005190311418685121,
    "finally": 0.0017301038062283738,
    "do": 0.0034602076124567475,
    "itll": 0.0017301038062283738,
    "be": 0.0034602076124567475,
    "years": 0.0034602076124567475,
    "biggest": 0.0017301038062283738,
    "so": 0.0034602076124567475,
    "far": 0.0017301038062283738,
    "ive": 0.005190311418685121,
    "been": 0.005190311418685121,
    "pissing": 0.0017301038062283738,
    "out": 0.006920415224913495,
    "ass": 0.0017301038062283738,
    "all": 0.006920415224913495,
    "fuckin": 0.0017301038062283738,
    "day": 0.0034602076124567475,
    "bold": 0.0017301038062283738,
    "of": 0.012110726643598616,
    "assume": 0.0017301038062283738,
    "im": 0.010380622837370242,
    "going": 0.0034602076124567475,
    "take": 0.0034602076124567475,
    "this": 0.01384083044982699,
    "year": 0.006920415224913495,
    "we": 0.0017301038062283738,
    "have": 0.00865051903114187,
    "guests": 0.0017301038062283738,
    "literally": 0.0034602076124567475,
    "cant": 0.0034602076124567475,
    "relax": 0.0017301038062283738,
    "deleted": 0.0034602076124567475,
    "its": 0.01384083044982699,
    "quality": 0.0034602076124567475,
    "shitpost": 0.0034602076124567475,
    "letting": 0.0034602076124567475,
    "go": 0.00865051903114187,
    "right": 0.006920415224913495,
    "now": 0.005190311418685121,
    "as": 0.006920415224913495,
    "type": 0.0017301038062283738,
    "fuck": 0.0017301038062283738,
    "wont": 0.005190311418685121,
    "poo": 0.0017301038062283738,
    "tell": 0.0017301038062283738,
    "me": 0.010380622837370242,
    "everyone": 0.0017301038062283738,
    "thinking": 0.0017301038062283738,
    "about": 0.0034602076124567475,
    "last": 0.012110726643598616,
    "time": 0.010380622837370242,
    "they": 0.0017301038062283738,
    "pooped": 0.005190311418685121,
    "nicely": 0.0017301038062283738,
    "played": 0.0017301038062283738,
    "what": 0.005190311418685121,
    "want": 0.00865051903114187,
    "buddy": 0.0017301038062283738,
    "constipated": 0.0034602076124567475,
    "edit": 0.005190311418685121,
    "free": 0.005190311418685121,
    "bobby": 0.0017301038062283738,
    "shmurda": 0.0017301038062283738,
    "waiting": 0.0017301038062283738,
    "apple": 0.0017301038062283738,
    "store": 0.0017301038062283738,
    "open": 0.0034602076124567475,
    "lets": 0.0017301038062283738,
    "see": 0.0034602076124567475,
    "who": 0.0017301038062283738,
    "can": 0.0017301038062283738,
    "longest": 0.0017301038062283738,
    "in": 0.012110726643598616,
    "without": 0.0017301038062283738,
    "taking": 0.0034602076124567475,
    "blew": 0.0017301038062283738,
    "up": 0.006920415224913495,
    "therapist": 0.0017301038062283738,
    "says": 0.0017301038062283738,
    "because": 0.005190311418685121,
    "hard": 0.0034602076124567475,
    "things": 0.0034602076124567475,
    "it": 0.00865051903114187,
    "come": 0.0017301038062283738,
    "need": 0.0017301038062283738,
    "help": 0.0017301038062283738,
    "huh": 0.0034602076124567475,
    "just": 0.006920415224913495,
    "realized": 0.0017301038062283738,
    "havent": 0.0017301038062283738,
    "today": 0.0017301038062283738,
    "obligatory": 0.0017301038062283738,
    "thanks": 0.0034602076124567475,
    "gold": 0.0017301038062283738,
    "n": 0.0017301038062283738,
    "sliver": 0.0017301038062283738,
    "most": 0.0017301038062283738,
    "upvoted": 0.0017301038062283738,
    "comment": 0.0017301038062283738,
    "is": 0.010380622837370242,
    "poopin": 0.0017301038062283738,
    "hashtag": 0.0017301038062283738,
    "blessed": 0.0017301038062283738,
    "was": 0.006920415224913495,
    "actually": 0.0017301038062283738,
    "sitting": 0.0034602076124567475,
    "on": 0.005190311418685121,
    "toilet": 0.0034602076124567475,
    "at": 0.010380622837370242,
    "midnight": 0.0017301038062283738,
    "new": 0.005190311418685121,
    "same": 0.0017301038062283738,
    "trust": 0.0017301038062283738,
    "issues": 0.0017301038062283738,
    "poop": 0.012110726643598616,
    "twice": 0.0017301038062283738,
    "since": 0.0017301038062283738,
    "started": 0.0017301038062283738,
    "that": 0.005190311418685121,
    "your": 0.0017301038062283738,
    "hold": 0.0034602076124567475,
    "back": 0.0034602076124567475,
    "any": 0.0017301038062283738,
    "longer": 0.0017301038062283738,
    "read": 0.0017301038062283738,
    "sat": 0.0017301038062283738,
    "down": 0.0017301038062283738,
    "first": 0.005190311418685121,
    "took": 0.0017301038062283738,
    "imodium": 0.0017301038062283738,
    "labeled": 0.0017301038062283738,
    "purpose": 0.0017301038062283738,
    "yesterday": 0.0034602076124567475,
    "evening": 0.0017301038062283738,
    "still": 0.0017301038062283738,
    "working": 0.0017301038062283738,
    "alcohol": 0.0017301038062283738,
    "makes": 0.0017301038062283738,
    "p": 0.0017301038062283738,
    "cocaine": 0.0017301038062283738,
    "did": 0.0034602076124567475,
    "an": 0.005190311418685121,
    "enema": 0.0017301038062283738,
    "didnt": 0.0017301038062283738,
    "eat": 0.0017301038062283738,
    "s": 0.0017301038062283738,
    "will": 0.0017301038062283738,
    "from": 0.006920415224913495,
    "food": 0.0017301038062283738,
    "funny": 0.0017301038062283738,
    "should": 0.0034602076124567475,
    "ask": 0.0017301038062283738,
    "dont": 0.005190311418685121,
    "work": 0.0017301038062283738,
    "much": 0.0034602076124567475,
    "like": 0.006920415224913495,
    "give": 0.0034602076124567475,
    "crap": 0.0034602076124567475,
    "woke": 0.0017301038062283738,
    "am": 0.005190311418685121,
    "caught": 0.0017301038062283738,
    "stomach": 0.0034602076124567475,
    "virus": 0.0017301038062283738,
    "daughter": 0.0017301038062283738,
    "son": 0.0017301038062283738,
    "had": 0.00865051903114187,
    "lost": 0.0017301038062283738,
    "pounds": 0.0017301038062283738,
    "hours": 0.0017301038062283738,
    "pooping": 0.005190311418685121,
    "vomiting": 0.0017301038062283738,
    "wahoo": 0.0017301038062283738,
    "under": 0.0017301038062283738,
    "prepregnancy": 0.0017301038062283738,
    "weight": 0.0034602076124567475,
    "let": 0.0017301038062283738,
    "then": 0.0034602076124567475,
    "official": 0.0017301038062283738,
    "typed": 0.0017301038062283738,
    "thisgrunt": 0.0017301038062283738,
    "sigh": 0.0017301038062283738,
    "happy": 0.0017301038062283738,
    "not": 0.006920415224913495,
    "ready": 0.0017301038062283738,
    "release": 0.0017301038062283738,
    "humongous": 0.0017301038062283738,
    "yet": 0.0034602076124567475,
    "us": 0.0017301038062283738,
    "decided": 0.0017301038062283738,
    "hospital": 0.0017301038062283738,
    "chest": 0.0017301038062283738,
    "pains": 0.0017301038062283738,
    "hooked": 0.0017301038062283738,
    "iv": 0.0017301038062283738,
    "adavan": 0.0017301038062283738,
    "torrsomething": 0.0017301038062283738,
    "maybe": 0.0017301038062283738,
    "ill": 0.0017301038062283738,
    "make": 0.0034602076124567475,
    "here": 0.0017301038062283738,
    "alive": 0.0017301038062283738,
    "or": 0.0034602076124567475,
    "bday": 0.0017301038062283738,
    "days": 0.006920415224913495,
    "non": 0.0017301038062283738,
    "smoker": 0.0017301038062283738,
    "drugs": 0.0017301038062283738,
    "alchohol": 0.0017301038062283738,
    "diet": 0.0017301038062283738,
    "fish": 0.0017301038062283738,
    "chicken": 0.0017301038062283738,
    "veggies": 0.0017301038062283738,
    "plus": 0.0034602076124567475,
    "half": 0.0034602076124567475,
    "gallon": 0.0017301038062283738,
    "water": 0.0017301038062283738,
    "high": 0.0034602076124567475,
    "b": 0.0017301038062283738,
    "pressure": 0.0017301038062283738,
    "diabietes": 0.0017301038062283738,
    "ldl": 0.0017301038062283738,
    "walked": 0.0017301038062283738,
    "erbefore": 0.0017301038062283738,