{"but": 0.0035971223021582736, "ive": 0.007194244604316547, "bold": 0.0035971223021582736, "we": 0.01079136690647482, "deleted": 0.025179856115107913, "its": 0.017985611510791366, "quality": 0.007194244604316547, "im": 0.025179856115107913, "fuck": 0.007194244604316547, "everyone": 0.0035971223021582736, "i": 0.16906474820143885, "waiting": 0.0035971223021582736, "lets": 0.0035971223021582736, "my": 0.0035971223021582736, "it": 0.039568345323741004, "huh": 0.0035971223021582736, "alcohol": 0.0035971223021582736, "cocaine": 0.0035971223021582736, "because": 0.0035971223021582736, "woke": 0.0035971223021582736, "then": 0.01079136690647482, "decided": 0.0035971223021582736, "so": 0.0035971223021582736, "cause": 0.0035971223021582736, "had": 0.0035971223021582736, "the": 0.01079136690647482, "wow": 0.0035971223021582736, "too": 0.007194244604316547, "everybody": 0.0035971223021582736, "theres": 0.0035971223021582736, "damn": 0.0035971223021582736, "did": 0.0035971223021582736, "reddit": 0.01079136690647482, "cheese": 0.0035971223021582736, "why": 0.01079136690647482, "theyd": 0.0035971223021582736, "there": 0.017985611510791366, "months": 0.0035971223021582736, "isnt": 0.0035971223021582736, "lots": 0.0035971223021582736, "sure": 0.0035971223021582736, "id": 0.014388489208633094, "month": 0.0035971223021582736, "they": 0.014388489208633094, "you": 0.01079136690647482, "no": 0.03237410071942446, "only": 0.007194244604316547, "depends": 0.007194244604316547, "what": 0.017985611510791366, "a": 0.0035971223021582736, "removed": 0.017985611510791366, "he": 0.0035971223021582736, "wed": 0.0035971223021582736, "youd": 0.0035971223021582736, "does": 0.007194244604316547, "joddamnit": 0.0035971223021582736, "graphic": 0.0035971223021582736, "all": 0.0035971223021582736, "oh": 0.007194244604316547, "jesus": 0.0035971223021582736, "god": 0.01079136690647482, "actually": 0.0035971223021582736, "would": 0.02158273381294964, "heh": 0.0035971223021582736, "get": 0.0035971223021582736, "well": 0.01079136690647482, "become": 0.0035971223021582736, "kneel": 0.0035971223021582736, "in": 0.0035971223021582736, "zod": 0.0035971223021582736, "peoples": 0.0035971223021582736, "geez": 0.0035971223021582736, "will": 0.0035971223021582736, "are": 0.007194244604316547, "ehh": 0.0035971223021582736, "different": 0.0035971223021582736, "karma": 0.007194244604316547, "how": 0.025179856115107913, "this": 0.014388489208633094, "seems": 0.007194244604316547, "on": 0.0035971223021582736, "caw": 0.0035971223021582736, "people": 0.014388489208633094, "or": 0.0035971223021582736, "not": 0.007194244604316547, "who": 0.007194244604316547, "great": 0.0035971223021582736, "just": 0.0035971223021582736, "that": 0.02158273381294964, "yessssssssss": 0.0035971223021582736, "sounds": 0.0035971223021582736, "wrote": 0.0035971223021582736, "hi": 0.0035971223021582736, "interesting": 0.0035971223021582736, "upvotes": 0.0035971223021582736, "is": 0.007194244604316547, "sort": 0.0035971223021582736, "like": 0.0035971223021582736, "problem": 0.0035971223021582736, "tell": 0.0035971223021582736, "sometimes": 0.0035971223021582736, "love": 0.0035971223021582736, "hell": 0.0035971223021582736, "casually": 0.0035971223021582736, "massive": 0.0035971223021582736, "wouldnt": 0.007194244604316547, "test": 0.0035971223021582736, "itd": 0.0035971223021582736, "if": 0.0035971223021582736, "woah": 0.0035971223021582736, "yes": 0.007194244604316547, "thats": 0.007194244604316547, "except": 0.0035971223021582736, "negative": 0.0035971223021582736, "subs": 0.0035971223021582736, "here": 0.0035971223021582736, "yesssssss": 0.0035971223021582736, "maybe": 0.0035971223021582736, "more": 0.0035971223021582736, "makes": 0.0035971223021582736, "amazing": 0.0035971223021582736, "could": 0.0035971223021582736, "epique": 0.0035971223021582736, "and": 0.0035971223021582736, "broke": 0.0035971223021582736}