{
  "common": 0.7263194234669659,
  "rare": 0.2736805765330341
}