{
  "but": 0.018518518518518517,
  "ive": 0.037037037037037035,
  "bold": 0.018518518518518517,
  "we": 0.018518518518518517,
  "deleted": 0.037037037037037035,
  "its": 0.037037037037037035,
  "quality": 0.037037037037037035,
  "im": 0.05555555555555555,
  "fuck": 0.018518518518518517,
  "everyone": 0.018518518518518517,
  "i": 0.24074074074074073,
  "waiting": 0.018518518518518517,
  "lets": 0.018518518518518517,
  "my": 0.018518518518518517,
  "it": 0.037037037037037035,
  "huh": 0.018518518518518517,
  "alcohol": 0.018518518518518517,
  "cocaine": 0.018518518518518517,
  "because": 0.018518518518518517,
  "woke": 0.018518518518518517,
  "then": 0.018518518518518517,
  "decided": 0.018518518518518517,
  "so": 0.018518518518518517,
  "cause": 0.018518518518518517,
  "had": 0.018518518518518517,
  "the": 0.018518518518518517,
  "wow": 0.018518518518518517,
  "too": 0.018518518518518517,
  "everybody": 0.018518518518518517,
  "theres": 0.018518518518518517,
  "damn": 0.018518518518518517,
  "did": 0.018518518518518517,
  "reddit": 0.018518518518518517,
  "cheese": 0.018518518518518517,
  "why": 0.018518518518518517
}