{
  "common": {
    "common": 0.7145603614356493,
    "rare": 0.2854396385643507
  },
  "rare": {
    "common": 0.7248252202614549,
    "rare": 0.2751747797385451
  }
}