{
  "el": 0.0698435,
  "yo": 0.0541801,
  "hola": 0.0251749,
  "mi": 0.0470648,
  "es": 0.0366538,
  "un": 0.0421142,
  "una": 0.0326978,
  "por": 0.0240608,
  "qué": 0.0291879,
  "no": 0.0377556,
  "sí": 0.0192159,
  "esto": 0.0148706,
  "como": 0.0216687,
  "cuando": 0.0135328,
  "pero": 0.0215537,
  "si": 0.0198247,
  "hay": 0.0110289,
  "todo": 0.0098042,
  "gracias": 0.0159854,
  "tengo": 0.0178782,
  "bien": 0.0091926,
  "para": 0.0163209,
  "la": 0.0487914,
  "los": 0.0255663,
  "las": 0.0215537,
  "estoy": 0.0110289,
  "me": 0.0304053,
  "quiero": 0.0159854,
  "puedo": 0.0098042,
  "donde": 0.0085754,
  "ahora": 0.0093004,
  "aquí": 0.0074634,
  "cada": 0.0049567,
  "con": 0.0221126,
  "cómo": 0.0127007,
  "creo": 0.0080752,
  "desde": 0.0062366,
  "día": 0.0053452,
  "dos": 0.0048444,
  "ella": 0.0088557,
  "ellos": 0.0060146,
  "entre": 0.0042329,
  "esa": 0.0051230,
  "ese": 0.0062923,
  "esta": 0.0109704,
  "este": 0.0111969,
  "fue": 0.0093004,
  "ha": 0.0079629,
  "había": 0.0049567,
  "hasta": 0.0052904,
  "he": 0.0067393,
  "hoy": 0.0048444,
  "le": 0.0098042,
  "lo": 0.0192159,
  "más": 0.0121424,
  "muy": 0.0079629,
  "nada": 0.0054019,
  "nos": 0.0060702,
  "nosotros": 0.0048444,
  "nunca": 0.0042329,
  "o": 0.0054574,
  "porque": 0.0104156,
  "puede": 0.0050681,
  "quen": 0.0043453,
  "quien": 0.0049567,
  "quienes": 0.0029521,
  "se": 0.0178782,
  "sea": 0.0048444,
  "ser": 0.0066276,
  "siempre": 0.0050681,
  "sin": 0.0048444,
  "sobre": 0.0054019,
  "soy": 0.0079629,
  "su": 0.0086883,
  "sus": 0.0066276,
  "tal": 0.0035096,
  "también": 0.0070739,
  "tan": 0.0049567,
  "te": 0.0098042,
  "tiempo": 0.0048444,
  "tiene": 0.0060702,
  "todos": 0.0067393,
  "tu": 0.0086883,
  "tus": 0.0048444,
  "un": 0.0240608,
  "vamos": 0.0067393,
  "voy": 0.0079629,
  "ya": 0.0098042,
  "y": 0.0294069,
  "ayer": 0.0037316,
  "bueno": 0.0067393,
  "claro": 0.0042329,
  "debo": 0.0030082,
  "después": 0.0048444,
  "entonces": 0.0054019,
  "hombre": 0.0031186,
  "mañana": 0.0037316,
  "mucho": 0.0063497,
  "necesito": 0.0048444,
  "nunca": 0.0036204
}