{
  "el": {
    "hombre": 0.112903,
    "tiempo": 0.083117,
    "día": 0.072727,
    "coche": 0.063636,
    "perro": 0.054545,
    "gato": 0.049351,
    "libro": 0.068831,
    "mundo": 0.058442,
    "trabajo": 0.076623,
    "problema": 0.053247,
    "que": 0.127273,
    "año": 0.046753,
    "niño": 0.040260,
    "teléfono": 0.035065,
    "ordenador": 0.041558
  },
  "yo": {
    "no": 0.155598,
    "estoy": 0.103378,
    "tengo": 0.093561,
    "quiero": 0.078341,
    "puedo": 0.070718,
    "soy": 0.062007,
    "voy": 0.053296,
    "creo": 0.046768,
    "sé": 0.041334,
    "he": 0.064192,
    "hablo": 0.031545,
    "como": 0.034802,
    "pensaba": 0.029360,
    "me": 0.094654,
    "necesito": 0.036986
  },
  "es": {
    "un": 0.137635,
    "una": 0.127855,
    "el": 0.113771,
    "la": 0.106189,
    "muy": 0.082346,
    "importante": 0.058501,
    "interesante": 0.046587,
    "necesario": 0.040097,
    "bueno": 0.070455,
    "mejor": 0.045498,
    "difícil": 0.042272,
    "fácil": 0.037935,
    "posible": 0.033598,
    "grande": 0.030346,
    "pequeño": 0.026014
  },
  "no": {
    "es": 0.123956,
    "sé": 0.100279,
    "puedo": 0.094708,
    "me": 0.089137,
    "hay": 0.079385,
    "tengo": 0.072376,
    "quiero": 0.066805,
    "creo": 0.059833,
    "lo": 0.054261,
    "voy": 0.048690,
    "está": 0.043119,
    "te": 0.038976,
    "ha": 0.034783,
    "tiene": 0.030626,
    "fue": 0.026436
  },
  "un": {
    "poco": 0.146803,
    "día": 0.122412,
    "hombre": 0.097872,
    "momento": 0.092199,
    "lugar": 0.080934,
    "amigo": 0.073404,
    "problema": 0.067731,
    "coche": 0.062057,
    "trabajo": 0.056426,
    "año": 0.050782,
    "libro": 0.045139,
    "perro": 0.039482,
    "gato": 0.033839,
    "restaurante": 0.028195,
    "mensaje": 0.022553
  },
  "que": {
    "no": 0.117434,
    "me": 0.101092,
    "el": 0.092896,
    "la": 0.088797,
    "es": 0.080601,
    "yo": 0.072405,
    "se": 0.065546,
    "te": 0.061447,
    "le": 0.057348,
    "los": 0.051885,
    "las": 0.046422,
    "en": 0.042323,
    "un": 0.038250,
    "una": 0.034151,
    "mi": 0.030052
  },
  "me": {
    "gusta": 0.185255,
    "encanta": 0.130604,
    "parece": 0.105267,
    "dice": 0.091632,
    "ha": 0.083821,
    "siento": 0.076011,
    "voy": 0.068201,
    "encuentro": 0.062367,
    "da": 0.054556,
    "preocupa": 0.048723,
    "hizo": 0.040913,
    "cae": 0.035079,
    "importa": 0.029245,
    "duele": 0.023379,
    "alegra": 0.017545
  },
  "la": {
    "casa": 0.133231,
    "comida": 0.111799,
    "gente": 0.099541,
    "ciudad": 0.088829,
    "música": 0.079573,
    "vida": 0.071963,
    "escuela": 0.065809,
    "familia": 0.058199,
    "noche": 0.053590,
    "mañana": 0.047436,
    "tarde": 0.042827,
    "mesa": 0.038217,
    "puerta": 0.032154,
    "calle": 0.027545,
    "hora": 0.022936
  },
  "mi": {
    "casa": 0.142991,
    "familia": 0.122337,
    "amigo": 0.111039,
    "perro": 0.099624,
    "trabajo": 0.090282,
    "opinión": 0.078947,
    "gato": 0.069549,
    "teléfono": 0.062030,
    "coche": 0.054511,
    "libro": 0.046992,
    "hermano": 0.041353,
    "padre": 0.035714,
    "madre": 0.030075,
    "vida": 0.024436,
    "tiempo": 0.018797
  },
  "por": {
    "favor": 0.128593,
    "qué": 0.113551,
    "la": 0.103961,
    "el": 0.094372,
    "eso": 0.084783,
    "supuesto": 0.076630,
    "ahora": 0.067041,
    "aquí": 0.061538,
    "ejemplo": 0.056092,
    "allí": 0.050589,
    "lo": 0.043771,
    "mi": 0.038318,
    "tu": 0.032808,
    "su": 0.028736,
    "este": 0.023233
  }
}