{
  "ich": 0.0825953,
  "der": 0.0530762,
  "die": 0.0472027,
  "das": 0.0406389,
  "ein": 0.0370344,
  "eine": 0.0340669,
  "es": 0.0316328,
  "war": 0.0250689,
  "ist": 0.0421942,
  "und": 0.0320128,
  "in": 0.0232836,
  "zu": 0.0214598,
  "mit": 0.0191873,
  "habe": 0.0292653,
  "für": 0.0160597,
  "auf": 0.0168153,
  "nicht": 0.0262569,
  "auch": 0.0132042,
  "sie": 0.0214598,
  "im": 0.0154678,
  "er": 0.0168153,
  "wie": 0.0126123,
  "wir": 0.0202635,
  "bei": 0.0094847,
  "was": 0.0184317,
  "wenn": 0.0124523,
  "an": 0.0106689,
  "so": 0.0173012,
  "aber": 0.0154678,
  "von": 0.0190778,
  "als": 0.0124523,
  "aus": 0.0100771,
  "da": 0.0083005,
  "noch": 0.0094847,
  "nach": 0.0088928,
  "kann": 0.0106689,
  "wird": 0.0116987,
  "man": 0.0130987,
  "schon": 0.0071163,
  "dann": 0.0084064,
  "hier": 0.0077087,
  "bis": 0.0065227,
  "sein": 0.0088928,
  "oder": 0.0071163,
  "meine": 0.0100771,
  "doch": 0.0058775,
  "mehr": 0.0077087,
  "vor": 0.0065227,
  "sehr": 0.0083005,
  "durch": 0.0052822,
  "heute": 0.0071163,
  "gut": 0.0065227,
  "über": 0.0083005,
  "bitte": 0.0077087,
  "immer": 0.0065227,
  "jetzt": 0.0088928,
  "nur": 0.0106689,
  "mein": 0.0094847,
  "mal": 0.0077087,
  "diesem": 0.0046887,
  "dieser": 0.0052822,
  "hatte": 0.0058775,
  "seit": 0.0046887,
  "am": 0.0071163,
  "ohne": 0.0040952,
  "alle": 0.0058775,
  "will": 0.0065227,
  "etwas": 0.0077087,
  "einem": 0.0058775,
  "einer": 0.0052822,
  "muss": 0.0071163,
  "können": 0.0058775,
  "viele": 0.0046887,
  "zum": 0.0065227,
  "wird": 0.0077087,
  "uns": 0.0058775,
  "mir": 0.0100771,
  "seinen": 0.0040952,
  "unter": 0.0052822,
  "ihrer": 0.0035034,
  "ihrem": 0.0029099,
  "seinen": 0.0040952,
  "seinem": 0.0035034,
  "seiner": 0.0042011,
  "alles": 0.0058775,
  "waren": 0.0052822,
  "wieder": 0.0065227,
  "vielen": 0.0046887,
  "bin": 0.0084064,
  "also": 0.0052822,
  "selbst": 0.0046887,
  "werde": 0.0058775,
  "damit": 0.0052822,
  "denn": 0.0046887,
  "gegen": 0.0040952,
  "ganz": 0.0052822,
  "beim": 0.0046887,
  "würde": 0.0052822,
  "vom": 0.0046887,
  "andere": 0.0040952
}