{
  "ich": {
    "habe": 0.157347,
    "bin": 0.131106,
    "kann": 0.104866,
    "möchte": 0.096141,
    "will": 0.077890,
    "werde": 0.069165,
    "glaube": 0.060439,
    "denke": 0.051655,
    "finde": 0.046883,
    "muss": 0.042908,
    "war": 0.038934,
    "sehe": 0.035756,
    "hoffe": 0.034172,
    "hatte": 0.030993,
    "würde": 0.028607
  },
  "der": {
    "mann": 0.125160,
    "frau": 0.113658,
    "welt": 0.097028,
    "stadt": 0.086825,
    "zeit": 0.075324,
    "straße": 0.068946,
    "schule": 0.060005,
    "arbeit": 0.053626,
    "nacht": 0.049790,
    "familie": 0.044679,
    "tag": 0.111095,
    "junge": 0.040844,
    "freund": 0.037008,
    "hund": 0.034445,
    "lehrer": 0.030642
  },
  "die": {
    "frau": 0.119276,
    "welt": 0.108904,
    "stadt": 0.101150,
    "zeit": 0.089481,
    "straße": 0.084292,
    "schule": 0.075202,
    "arbeit": 0.067449,
    "nacht": 0.060953,
    "familie": 0.054457,
    "kinder": 0.050525,
    "sonne": 0.045336,
    "tür": 0.040146,
    "menschen": 0.036298,
    "katze": 0.032366,
    "mutter": 0.028520
  },
  "es": {
    "ist": 0.156112,
    "gibt": 0.131112,
    "war": 0.112381,
    "wird": 0.087425,
    "geht": 0.077626,
    "kann": 0.066905,
    "hat": 0.061563,
    "muss": 0.056178,
    "soll": 0.050836,
    "scheint": 0.043709,
    "fehlt": 0.038353,
    "kommt": 0.033882,
    "bleibt": 0.029427,
    "fehlen": 0.024971,
    "regnet": 0.021400
  },
  "ist": {
    "ein": 0.136578,
    "eine": 0.123178,
    "nicht": 0.106929,
    "es": 0.091676,
    "so": 0.079270,
    "auch": 0.070634,
    "sehr": 0.064924,
    "wichtig": 0.056336,
    "gut": 0.050611,
    "schön": 0.044863,
    "klar": 0.040112,
    "mir": 0.036291,
    "heute": 0.032471,
    "noch": 0.027694,
    "da": 0.023873
  },
  "nicht": {
    "mehr": 0.132621,
    "nur": 0.115873,
    "so": 0.103687,
    "zu": 0.089924,
    "gut": 0.079314,
    "immer": 0.071666,
    "wirklich": 0.065590,
    "genug": 0.059513,
    "viel": 0.053437,
    "alle": 0.047361,
    "ganz": 0.042675,
    "alles": 0.036599,
    "jeder": 0.032008,
    "richtig": 0.027417,
    "einfach": 0.022826
  },
  "mit": {
    "dem": 0.126814,
    "der": 0.114936,
    "den": 0.104328,
    "einem": 0.089793,
    "einer": 0.080532,
    "mir": 0.073941,
    "dir": 0.064711,
    "uns": 0.056797,
    "ihnen": 0.050174,
    "ihm": 0.044882,
    "ihr": 0.040936,
    "meinem": 0.035645,
    "meiner": 0.031698,
    "seinen": 0.027723,
    "seiner": 0.023761
  },
  "ein": {
    "mann": 0.127376,
    "freund": 0.115669,
    "tag": 0.105363,
    "kind": 0.095193,
    "problem": 0.084978,
    "buch": 0.076146,
    "auto": 0.068806,
    "jahr": 0.061502,
    "haus": 0.055617,
    "leben": 0.051225,
    "wort": 0.045380,
    "bisschen": 0.040989,
    "hund": 0.036599,
    "schüler": 0.032218,
    "bild": 0.027837
  },
  "eine": {
    "frau": 0.129411,
    "stadt": 0.115546,
    "zeit": 0.103196,
    "familie": 0.090845,
    "freundin": 0.081650,
    "katze": 0.073917,
    "welt": 0.067774,
    "schule": 0.060090,
    "mutter": 0.053896,
    "tochter": 0.047752,
    "idee": 0.043147,
    "stunde": 0.038503,
    "woche": 0.033898,
    "minute": 0.029293,
    "sekunde": 0.026181
  },
  "war": {
    "es": 0.141667,
    "nicht": 0.124737,
    "ein": 0.109895,
    "eine": 0.099474,
    "sehr": 0.086632,
    "so": 0.078211,
    "ich": 0.069789,
    "er": 0.061368,
    "sie": 0.054947,
    "das": 0.048647,
    "klar": 0.042346,
    "gut": 0.038055,
    "schön": 0.033826,
    "wichtig": 0.029597,
    "da": 0.025368
  }
}